,Normal VaR,Student-t VaR,EWMA VaR
95%,0.012280864367360679,0.011573765915824074,0.011298938415135054
99%,0.019151481172465117,0.021057724763223765,0.017613791982244824
99.5%,0.019151481172465117,0.021057724763223765,0.017613791982244824
