confidence_level,MC_VaR,MC_ES,ES_VaR_ratio
95%,0.012374,0.015473,1.25
99%,0.017384,0.02008,1.155
99%,0.019225,0.02187,1.138
