confidence_level,VaR,ES (CVaR),ES/VaR ratio,Tail obs
95%,0.011501,0.016299,1.417,131
97%,0.013531,0.020179,1.491,66
99%,0.016773,0.027898,1.663,27
